time_et,exchange,price,change,volume,buyer,seller,markers,symbol,date,date_parsed
13:56:11,D,0.29,0.08,300,1 Anonymous,124 Questrade,E,DOCT,20251208,2025-12-08
13:48:14,C,0.29,0.02,2500,7 TD Sec,1 Anonymous,K,DOCT,20251208,2025-12-08
13:25:58,C,0.29,0.02,1000,84 ITG84,57 Interactive,K,DOCT,20251208,2025-12-08
13:12:47,H,0.29,0.02,500,1 Anonymous,80 National Bank,K,DOCT,20251208,2025-12-08
13:12:47,C,0.29,0.02,1000,84 ITG84,80 National Bank,K,DOCT,20251208,2025-12-08
13:00:43,M,0.3,0.03,100,80 National Bank,80 National Bank,E,DOCT,20251208,2025-12-08
12:38:06,C,0.295,0.025,11500,84 ITG84,79 CIBC,K,DOCT,20251208,2025-12-08
12:36:23,M,0.295,0.025,140,80 National Bank,80 National Bank,E,DOCT,20251208,2025-12-08
12:36:23,M,0.29,0.02,2500,80 National Bank,1 Anonymous,,DOCT,20251208,2025-12-08
12:15:20,C,0.295,0.025,1000,84 ITG84,79 CIBC,K,DOCT,20251208,2025-12-08
12:12:30,M,0.285,0.015,28,7 TD Sec,7 TD Sec,E,DOCT,20251208,2025-12-08
12:06:12,M,0.295,0.025,438,80 National Bank,80 National Bank,E,DOCT,20251208,2025-12-08
12:04:36,M,0.295,0.025,52,80 National Bank,80 National Bank,E,DOCT,20251208,2025-12-08
11:37:54,M,0.295,0.025,10,80 National Bank,80 National Bank,E,DOCT,20251208,2025-12-08
11:37:54,M,0.29,0.02,500,80 National Bank,1 Anonymous,,DOCT,20251208,2025-12-08
10:40:22,O,0.295,0.025,5500,85 Scotia,1 Anonymous,K,DOCT,20251208,2025-12-08
10:40:22,O,0.295,0.025,4500,85 Scotia,1 Anonymous,K,DOCT,20251208,2025-12-08
10:32:27,M,0.28,0.01,198,80 National Bank,80 National Bank,E,DOCT,20251208,2025-12-08
10:25:35,M,0.29,0.02,500,124 Questrade,1 Anonymous,,DOCT,20251208,2025-12-08
09:30:00,C,0.3,0.03,10,7 TD Sec,36 Latimer,E,DOCT,20251208,2025-12-08
09:30:00,C,0.3,0.03,400,2 RBC,36 Latimer,E,DOCT,20251208,2025-12-08
09:30:00,D,0.28,0.08,73,80 National Bank,80 National Bank,E,DOCT,20251208,2025-12-08
09:30:00,C,0.3,0.03,1000,2 RBC,33 Canaccord,K,DOCT,20251208,2025-12-08
15:04:31,H,0.39,0.01,1500,84 ITG84,2 RBC,K,DOCT,20251110,2025-11-10
15:04:31,O,0.39,0.01,1000,84 ITG84,2 RBC,K,DOCT,20251110,2025-11-10
15:04:31,C,0.39,0.01,110,36 Latimer,2 RBC,E,DOCT,20251110,2025-11-10
14:59:33,M,0.39,0.01,167,80 National Bank,80 National Bank,E,DOCT,20251110,2025-11-10
13:32:16,M,0.385,0.005,100,7 TD Sec,7 TD Sec,E,DOCT,20251110,2025-11-10
13:29:55,M,0.385,0.005,50,1 Anonymous,1 Anonymous,E,DOCT,20251110,2025-11-10
13:10:06,O,0.39,0.01,500,2 RBC,2 RBC,K,DOCT,20251110,2025-11-10
13:06:32,O,0.39,0.01,500,2 RBC,2 RBC,K,DOCT,20251110,2025-11-10
12:45:06,C,0.39,0.01,1500,84 ITG84,2 RBC,K,DOCT,20251110,2025-11-10
12:30:05,O,0.39,0.01,4500,33 Canaccord,1 Anonymous,K,DOCT,20251110,2025-11-10
12:30:05,O,0.39,0.01,5000,33 Canaccord,1 Anonymous,K,DOCT,20251110,2025-11-10
12:30:05,M,0.39,0.01,235,33 Canaccord,1 Anonymous,E,DOCT,20251110,2025-11-10
10:58:00,C,0.39,0.01,1000,84 ITG84,2 RBC,K,DOCT,20251110,2025-11-10
10:48:19,M,0.39,0.01,45,80 National Bank,80 National Bank,E,DOCT,20251110,2025-11-10
10:00:05,C,0.39,0.01,1500,84 ITG84,7 TD Sec,K,DOCT,20251110,2025-11-10
09:33:25,M,0.39,0.01,25,80 National Bank,80 National Bank,E,DOCT,20251110,2025-11-10
09:33:00,M,0.39,0.01,26,80 National Bank,80 National Bank,E,DOCT,20251110,2025-11-10
09:30:00,D,0.39,0.075,50,7 TD Sec,1 Anonymous,E,DOCT,20251110,2025-11-10
09:30:00,D,0.39,0.075,100,80 National Bank,80 National Bank,E,DOCT,20251110,2025-11-10
09:30:00,C,0.38,,2500,84 ITG84,7 TD Sec,K,DOCT,20251110,2025-11-10
15:01:42,M,0.41,0.02,49,80 National Bank,80 National Bank,E,DOCT,20251111,2025-11-11
11:40:40,M,0.41,0.02,200,33 Canaccord,1 Anonymous,E,DOCT,20251111,2025-11-11
11:40:40,O,0.41,0.02,2000,33 Canaccord,1 Anonymous,K,DOCT,20251111,2025-11-11
10:56:05,M,0.4,0.01,164,80 National Bank,80 National Bank,E,DOCT,20251111,2025-11-11
10:44:59,M,0.4,0.01,50,80 National Bank,80 National Bank,E,DOCT,20251111,2025-11-11
10:29:27,M,0.41,0.02,10,7 TD Sec,7 TD Sec,E,DOCT,20251111,2025-11-11
10:22:27,M,0.41,0.02,1,80 National Bank,80 National Bank,E,DOCT,20251111,2025-11-11
09:50:16,C,0.41,0.02,1000,84 ITG84,1 Anonymous,K,DOCT,20251111,2025-11-11
09:30:47,M,0.4,0.01,21,7 TD Sec,7 TD Sec,E,DOCT,20251111,2025-11-11
09:30:00,C,0.4,0.01,142,36 Latimer,2 RBC,E,DOCT,20251111,2025-11-11
09:30:00,C,0.405,0.015,110,80 National Bank,36 Latimer,E,DOCT,20251111,2025-11-11
09:30:00,C,0.405,0.015,500,80 National Bank,1 Anonymous,K,DOCT,20251111,2025-11-11
15:13:06,C,0.42,0.01,8000,84 ITG84,1 Anonymous,K,DOCT,20251112,2025-11-12
15:05:04,C,0.42,0.01,1000,84 ITG84,1 Anonymous,K,DOCT,20251112,2025-11-12
15:04:37,O,0.42,0.01,1500,33 Canaccord,1 Anonymous,K,DOCT,20251112,2025-11-12
15:04:37,H,0.41,,500,33 Canaccord,1 Anonymous,K,DOCT,20251112,2025-11-12
15:04:37,H,0.41,,500,33 Canaccord,1 Anonymous,K,DOCT,20251112,2025-11-12
15:04:37,H,0.41,,500,33 Canaccord,1 Anonymous,K,DOCT,20251112,2025-11-12
15:04:37,H,0.41,,500,33 Canaccord,1 Anonymous,K,DOCT,20251112,2025-11-12
15:04:37,H,0.41,,500,33 Canaccord,1 Anonymous,K,DOCT,20251112,2025-11-12
15:04:37,H,0.41,,500,33 Canaccord,1 Anonymous,K,DOCT,20251112,2025-11-12
15:04:37,H,0.41,,500,33 Canaccord,1 Anonymous,K,DOCT,20251112,2025-11-12
15:04:37,H,0.41,,500,33 Canaccord,1 Anonymous,K,DOCT,20251112,2025-11-12
15:04:37,H,0.41,,500,33 Canaccord,1 Anonymous,K,DOCT,20251112,2025-11-12
15:04:37,H,0.41,,500,33 Canaccord,1 Anonymous,K,DOCT,20251112,2025-11-12
15:04:37,H,0.41,,500,33 Canaccord,1 Anonymous,K,DOCT,20251112,2025-11-12
15:04:37,H,0.41,,500,33 Canaccord,1 Anonymous,K,DOCT,20251112,2025-11-12
15:04:37,H,0.41,,500,33 Canaccord,1 Anonymous,K,DOCT,20251112,2025-11-12
15:04:37,H,0.41,,500,33 Canaccord,1 Anonymous,K,DOCT,20251112,2025-11-12
15:04:37,H,0.41,,500,33 Canaccord,1 Anonymous,K,DOCT,20251112,2025-11-12
15:04:37,H,0.41,,500,33 Canaccord,1 Anonymous,K,DOCT,20251112,2025-11-12
15:04:37,H,0.41,,500,33 Canaccord,1 Anonymous,K,DOCT,20251112,2025-11-12
15:04:37,H,0.41,,500,33 Canaccord,1 Anonymous,K,DOCT,20251112,2025-11-12
15:04:37,H,0.41,,500,33 Canaccord,1 Anonymous,K,DOCT,20251112,2025-11-12
15:04:37,O,0.41,,2000,33 Canaccord,1 Anonymous,K,DOCT,20251112,2025-11-12
15:04:37,H,0.41,,500,33 Canaccord,1 Anonymous,K,DOCT,20251112,2025-11-12
15:04:37,H,0.41,,6500,33 Canaccord,1 Anonymous,K,DOCT,20251112,2025-11-12
13:36:56,C,0.405,-0.005,2500,84 ITG84,1 Anonymous,K,DOCT,20251112,2025-11-12
13:25:56,C,0.405,-0.005,500,7 TD Sec,1 Anonymous,K,DOCT,20251112,2025-11-12
13:25:56,C,0.405,-0.005,1000,84 ITG84,1 Anonymous,K,DOCT,20251112,2025-11-12
12:01:22,C,0.405,-0.005,200,36 Latimer,33 Canaccord,E,DOCT,20251112,2025-11-12
12:01:14,C,0.405,-0.005,3500,84 ITG84,33 Canaccord,K,DOCT,20251112,2025-11-12
12:00:33,C,0.405,-0.005,500,84 ITG84,7 TD Sec,K,DOCT,20251112,2025-11-12
12:00:33,C,0.405,-0.005,1000,84 ITG84,7 TD Sec,K,DOCT,20251112,2025-11-12
15:32:39,C,0.38,-0.04,10000,84 ITG84,2 RBC,K,DOCT,20251113,2025-11-13
15:32:37,C,0.38,-0.04,1000,84 ITG84,2 RBC,K,DOCT,20251113,2025-11-13
15:28:36,O,0.38,-0.04,4500,2 RBC,2 RBC,K,DOCT,20251113,2025-11-13
15:28:36,C,0.38,-0.04,1000,84 ITG84,2 RBC,K,DOCT,20251113,2025-11-13
15:28:36,C,0.38,-0.04,4500,2 RBC,2 RBC,K,DOCT,20251113,2025-11-13
15:02:55,M,0.39,-0.03,75,7 TD Sec,7 TD Sec,E,DOCT,20251113,2025-11-13
14:58:45,C,0.39,-0.03,500,84 ITG84,2 RBC,K,DOCT,20251113,2025-11-13
13:38:19,H,0.38,-0.04,500,80 National Bank,1 Anonymous,K,DOCT,20251113,2025-11-13
13:38:19,H,0.38,-0.04,5000,1 Anonymous,1 Anonymous,K,DOCT,20251113,2025-11-13
13:38:19,O,0.38,-0.04,4000,1 Anonymous,1 Anonymous,K,DOCT,20251113,2025-11-13
13:38:19,C,0.38,-0.04,5000,33 Canaccord,1 Anonymous,K,DOCT,20251113,2025-11-13
13:28:51,M,0.38,-0.04,243,1 Anonymous,14 Virtu ITG,E,DOCT,20251113,2025-11-13
13:28:51,O,0.38,-0.04,2500,1 Anonymous,14 Virtu ITG,K,DOCT,20251113,2025-11-13
13:23:46,H,0.39,-0.03,500,84 ITG84,2 RBC,K,DOCT,20251113,2025-11-13
13:23:46,C,0.39,-0.03,500,84 ITG84,2 RBC,K,DOCT,20251113,2025-11-13
13:15:15,X,0.39,-0.03,500,39 Merrill Lynch,2 RBC,K,DOCT,20251113,2025-11-13
13:15:14,D,0.39,0.035,300,39 Merrill Lynch,1 Anonymous,E,DOCT,20251113,2025-11-13
13:15:14,O,0.39,-0.03,1000,39 Merrill Lynch,1 Anonymous,K,DOCT,20251113,2025-11-13
13:15:14,C,0.39,-0.03,500,39 Merrill Lynch,2 RBC,K,DOCT,20251113,2025-11-13
13:15:14,C,0.39,-0.03,1000,39 Merrill Lynch,2 RBC,K,DOCT,20251113,2025-11-13
13:15:14,C,0.39,-0.03,1000,39 Merrill Lynch,2 RBC,K,DOCT,20251113,2025-11-13
13:06:15,C,0.39,-0.03,1000,84 ITG84,2 RBC,K,DOCT,20251113,2025-11-13
13:06:13,C,0.39,-0.03,500,84 ITG84,2 RBC,K,DOCT,20251113,2025-11-13
13:06:05,C,0.39,-0.03,2000,84 ITG84,2 RBC,K,DOCT,20251113,2025-11-13
13:06:02,H,0.39,-0.03,500,84 ITG84,1 Anonymous,K,DOCT,20251113,2025-11-13
13:06:02,C,0.39,-0.03,1500,84 ITG84,2 RBC,K,DOCT,20251113,2025-11-13
13:05:52,D,0.39,0.035,188,80 National Bank,80 National Bank,E,DOCT,20251113,2025-11-13
13:05:52,C,0.39,-0.03,1000,84 ITG84,2 RBC,K,DOCT,20251113,2025-11-13
11:25:12,M,0.4,-0.02,251,7 TD Sec,7 TD Sec,E,DOCT,20251113,2025-11-13
11:13:29,C,0.4,-0.02,1000,84 ITG84,2 RBC,K,DOCT,20251113,2025-11-13
11:13:29,C,0.405,-0.015,1000,84 ITG84,2 RBC,K,DOCT,20251113,2025-11-13
11:03:05,C,0.41,-0.01,1000,84 ITG84,2 RBC,K,DOCT,20251113,2025-11-13
11:01:59,C,0.41,-0.01,1000,84 ITG84,2 RBC,K,DOCT,20251113,2025-11-13
11:01:53,C,0.42,,1000,84 ITG84,2 RBC,K,DOCT,20251113,2025-11-13
11:01:44,C,0.43,0.01,1000,84 ITG84,2 RBC,K,DOCT,20251113,2025-11-13
09:50:54,C,0.43,0.01,268,36 Latimer,76 iA,E,DOCT,20251113,2025-11-13
09:30:00,C,0.43,0.01,472,36 Latimer,7 TD Sec,E,DOCT,20251113,2025-11-13
09:30:00,D,0.43,0.035,19,80 National Bank,80 National Bank,E,DOCT,20251113,2025-11-13
15:45:29,C,0.36,-0.02,2000,84 ITG84,1 Anonymous,K,DOCT,20251114,2025-11-14
15:44:20,C,0.36,-0.02,12500,1 Anonymous,1 Anonymous,K,DOCT,20251114,2025-11-14
15:44:20,H,0.36,-0.02,5000,1 Anonymous,1 Anonymous,K,DOCT,20251114,2025-11-14
15:44:20,C,0.36,-0.02,37500,1 Anonymous,1 Anonymous,K,DOCT,20251114,2025-11-14
15:14:10,M,0.36,-0.02,12,80 National Bank,80 National Bank,E,DOCT,20251114,2025-11-14
14:45:28,C,0.35,-0.03,500,1 Anonymous,1 Anonymous,K,DOCT,20251114,2025-11-14
14:45:23,M,0.35,-0.03,195,1 Anonymous,1 Anonymous,E,DOCT,20251114,2025-11-14
14:45:23,C,0.35,-0.03,8500,2 RBC,1 Anonymous,K,DOCT,20251114,2025-11-14
14:45:08,D,0.35,-0.01,10,80 National Bank,80 National Bank,E,DOCT,20251114,2025-11-14
14:42:58,C,0.34,-0.04,7000,2 RBC,1 Anonymous,K,DOCT,20251114,2025-11-14
14:42:58,C,0.34,-0.04,1000,84 ITG84,1 Anonymous,K,DOCT,20251114,2025-11-14
14:42:58,C,0.35,-0.03,500,7 TD Sec,1 Anonymous,K,DOCT,20251114,2025-11-14
14:42:58,C,0.35,-0.03,1000,84 ITG84,1 Anonymous,K,DOCT,20251114,2025-11-14
14:12:08,M,0.36,-0.02,150,7 TD Sec,7 TD Sec,E,DOCT,20251114,2025-11-14
13:18:35,D,0.36,-0.01,20,7 TD Sec,7 TD Sec,E,DOCT,20251114,2025-11-14
13:18:35,C,0.36,-0.02,300,7 TD Sec,36 Latimer,E,DOCT,20251114,2025-11-14
13:18:35,C,0.36,-0.02,1000,79 CIBC,1 Anonymous,K,DOCT,20251114,2025-11-14
13:18:35,C,0.36,-0.02,1000,84 ITG84,1 Anonymous,K,DOCT,20251114,2025-11-14
13:18:35,C,0.37,-0.01,1000,84 ITG84,1 Anonymous,K,DOCT,20251114,2025-11-14
13:18:35,D,0.37,-0.01,1000,1 Anonymous,1 Anonymous,K,DOCT,20251114,2025-11-14
13:18:35,C,0.38,,500,7 TD Sec,1 Anonymous,K,DOCT,20251114,2025-11-14
13:18:35,C,0.38,,1000,84 ITG84,1 Anonymous,K,DOCT,20251114,2025-11-14
10:56:27,C,0.385,0.005,500,84 ITG84,7 TD Sec,K,DOCT,20251114,2025-11-14
10:56:27,C,0.385,0.005,1000,84 ITG84,7 TD Sec,K,DOCT,20251114,2025-11-14
10:32:32,M,0.385,0.005,135,80 National Bank,80 National Bank,E,DOCT,20251114,2025-11-14
09:34:37,C,0.37,-0.01,1000,84 ITG84,79 CIBC,K,DOCT,20251114,2025-11-14
15:58:48,M,0.34,-0.02,148,80 National Bank,80 National Bank,E,DOCT,20251117,2025-11-17
15:58:48,C,0.34,-0.02,500,80 National Bank,1 Anonymous,K,DOCT,20251117,2025-11-17
15:58:48,C,0.34,-0.02,500,80 National Bank,1 Anonymous,K,DOCT,20251117,2025-11-17
12:47:06,C,0.33,-0.03,1000,84 ITG84,79 CIBC,K,DOCT,20251117,2025-11-17
12:03:29,C,0.33,-0.03,25,36 Latimer,33 Canaccord,E,DOCT,20251117,2025-11-17
11:48:55,M,0.34,-0.02,221,80 National Bank,80 National Bank,E,DOCT,20251117,2025-11-17
11:45:49,M,0.34,-0.02,11,80 National Bank,80 National Bank,E,DOCT,20251117,2025-11-17
11:44:43,M,0.34,-0.02,48,80 National Bank,80 National Bank,E,DOCT,20251117,2025-11-17
11:10:55,C,0.34,-0.02,1000,84 ITG84,1 Anonymous,K,DOCT,20251117,2025-11-17
10:46:18,D,0.34,-0.01,169,80 National Bank,80 National Bank,E,DOCT,20251117,2025-11-17
10:46:18,D,0.34,-0.01,10,80 National Bank,80 National Bank,E,DOCT,20251117,2025-11-17
10:46:18,C,0.34,-0.02,18000,2 RBC,1 Anonymous,K,DOCT,20251117,2025-11-17
10:46:18,C,0.34,-0.02,1000,84 ITG84,1 Anonymous,K,DOCT,20251117,2025-11-17
10:46:18,M,0.345,-0.015,5000,1 Anonymous,1 Anonymous,,DOCT,20251117,2025-11-17
10:46:18,C,0.35,-0.01,1000,84 ITG84,1 Anonymous,K,DOCT,20251117,2025-11-17
10:46:18,C,0.35,-0.01,1000,84 ITG84,1 Anonymous,K,DOCT,20251117,2025-11-17
10:46:18,D,0.35,-0.01,1000,1 Anonymous,1 Anonymous,K,DOCT,20251117,2025-11-17
10:46:18,C,0.355,-0.005,1000,84 ITG84,1 Anonymous,K,DOCT,20251117,2025-11-17
10:20:59,M,0.36,,200,80 National Bank,80 National Bank,E,DOCT,20251117,2025-11-17
09:57:24,O,0.355,-0.005,4000,33 Canaccord,1 Anonymous,K,DOCT,20251117,2025-11-17
09:57:24,H,0.355,-0.005,4000,33 Canaccord,1 Anonymous,K,DOCT,20251117,2025-11-17
09:57:24,H,0.355,-0.005,500,33 Canaccord,1 Anonymous,K,DOCT,20251117,2025-11-17
09:57:24,H,0.355,-0.005,1000,33 Canaccord,1 Anonymous,K,DOCT,20251117,2025-11-17
09:57:24,C,0.355,-0.005,500,33 Canaccord,7 TD Sec,K,DOCT,20251117,2025-11-17
09:30:00,C,0.35,-0.01,1000,84 ITG84,79 CIBC,K,DOCT,20251117,2025-11-17
09:30:00,C,0.35,-0.01,417,36 Latimer,14 Virtu ITG,E,DOCT,20251117,2025-11-17
09:30:00,C,0.355,-0.005,116,14 Virtu ITG,36 Latimer,E,DOCT,20251117,2025-11-17
09:30:00,D,0.35,0.01,23,80 National Bank,80 National Bank,E,DOCT,20251117,2025-11-17
15:39:16,C,0.305,-0.035,16,36 Latimer,19 Desjardins,E,DOCT,20251118,2025-11-18
15:06:20,C,0.31,-0.03,1000,84 ITG84,7 TD Sec,K,DOCT,20251118,2025-11-18
14:23:49,M,0.305,-0.035,65,7 TD Sec,1 Anonymous,E,DOCT,20251118,2025-11-18
13:38:30,M,0.31,-0.03,33,80 National Bank,80 National Bank,E,DOCT,20251118,2025-11-18
13:11:59,U,0.31,0.18,50,1 Anonymous,7 TD Sec,E,DOCT,20251118,2025-11-18
12:39:55,M,0.31,-0.03,65,80 National Bank,80 National Bank,E,DOCT,20251118,2025-11-18
12:35:11,M,0.305,-0.035,5000,85 Scotia,1 Anonymous,,DOCT,20251118,2025-11-18
12:35:11,O,0.31,-0.03,5000,85 Scotia,1 Anonymous,K,DOCT,20251118,2025-11-18
12:31:54,C,0.29,-0.05,8500,33 Canaccord,1 Anonymous,K,DOCT,20251118,2025-11-18
12:25:55,O,0.31,-0.03,5000,2 RBC,1 Anonymous,K,DOCT,20251118,2025-11-18
12:25:55,H,0.31,-0.03,10000,2 RBC,1 Anonymous,K,DOCT,20251118,2025-11-18
12:03:30,M,0.31,-0.03,52,80 National Bank,80 National Bank,E,DOCT,20251118,2025-11-18
12:03:06,C,0.29,-0.05,250,36 Latimer,7 TD Sec,E,DOCT,20251118,2025-11-18
12:03:06,C,0.29,-0.05,500,33 Canaccord,79 CIBC,K,DOCT,20251118,2025-11-18
12:03:06,C,0.29,-0.05,500,33 Canaccord,79 CIBC,K,DOCT,20251118,2025-11-18
12:03:06,C,0.29,-0.05,500,33 Canaccord,79 CIBC,K,DOCT,20251118,2025-11-18
12:03:06,M,0.29,-0.05,337,33 Canaccord,1 Anonymous,E,DOCT,20251118,2025-11-18
12:03:06,C,0.29,-0.05,500,33 Canaccord,79 CIBC,K,DOCT,20251118,2025-11-18
12:03:06,C,0.29,-0.05,500,33 Canaccord,79 CIBC,K,DOCT,20251118,2025-11-18
12:03:06,C,0.29,-0.05,500,33 Canaccord,79 CIBC,K,DOCT,20251118,2025-11-18
11:37:12,M,0.29,-0.05,50,7 TD Sec,7 TD Sec,E,DOCT,20251118,2025-11-18
11:14:45,H,0.29,-0.05,500,84 ITG84,1 Anonymous,K,DOCT,20251118,2025-11-18
11:14:45,O,0.29,-0.05,500,84 ITG84,1 Anonymous,K,DOCT,20251118,2025-11-18
11:14:45,C,0.29,-0.05,1000,84 ITG84,79 CIBC,K,DOCT,20251118,2025-11-18
11:14:20,M,0.29,-0.05,65,1 Anonymous,79 CIBC,E,DOCT,20251118,2025-11-18
11:14:20,C,0.29,-0.05,1000,84 ITG84,79 CIBC,K,DOCT,20251118,2025-11-18
09:57:27,U,0.3,0.18,50,1 Anonymous,7 TD Sec,E,DOCT,20251118,2025-11-18
09:56:42,C,0.3,-0.04,2000,84 ITG84,7 TD Sec,K,DOCT,20251118,2025-11-18
09:56:42,C,0.31,-0.03,2000,84 ITG84,7 TD Sec,K,DOCT,20251118,2025-11-18
09:54:50,C,0.32,-0.02,1000,84 ITG84,7 TD Sec,K,DOCT,20251118,2025-11-18
09:36:56,C,0.33,-0.01,1000,84 ITG84,1 Anonymous,K,DOCT,20251118,2025-11-18
09:30:00,D,0.33,0.01,125,80 National Bank,80 National Bank,E,DOCT,20251118,2025-11-18
15:52:35,C,0.3,-0.01,4500,84 ITG84,1 Anonymous,K,DOCT,20251119,2025-11-19
15:52:35,C,0.3,-0.01,1500,84 ITG84,7 TD Sec,K,DOCT,20251119,2025-11-19
15:52:28,C,0.3,-0.01,13000,84 ITG84,1 Anonymous,K,DOCT,20251119,2025-11-19
15:52:08,C,0.3,-0.01,1000,84 ITG84,1 Anonymous,K,DOCT,20251119,2025-11-19
15:52:08,C,0.305,-0.005,1000,84 ITG84,1 Anonymous,K,DOCT,20251119,2025-11-19
15:52:08,C,0.31,,1000,84 ITG84,1 Anonymous,K,DOCT,20251119,2025-11-19
15:52:08,H,0.32,0.01,2500,7 TD Sec,1 Anonymous,K,DOCT,20251119,2025-11-19
15:52:08,H,0.32,0.01,500,2 RBC,1 Anonymous,K,DOCT,20251119,2025-11-19
15:52:08,H,0.32,0.01,500,1 Anonymous,1 Anonymous,K,DOCT,20251119,2025-11-19
15:52:08,C,0.32,0.01,1000,84 ITG84,1 Anonymous,K,DOCT,20251119,2025-11-19
15:43:17,O,0.33,0.02,500,124 Questrade,1 Anonymous,K,DOCT,20251119,2025-11-19
14:13:53,M,0.32,0.01,8,80 National Bank,80 National Bank,E,DOCT,20251119,2025-11-19
13:35:42,C,0.33,0.02,1000,84 ITG84,1 Anonymous,K,DOCT,20251119,2025-11-19
13:34:56,M,0.32,0.01,1000,1 Anonymous,1 Anonymous,,DOCT,20251119,2025-11-19
13:34:56,M,0.32,0.01,2000,1 Anonymous,1 Anonymous,,DOCT,20251119,2025-11-19
12:55:44,M,0.31,,420,7 TD Sec,7 TD Sec,E,DOCT,20251119,2025-11-19
12:26:44,C,0.305,-0.005,4000,84 ITG84,2 RBC,K,DOCT,20251119,2025-11-19
12:26:19,O,0.305,-0.005,2500,88 Credential,1 Anonymous,K,DOCT,20251119,2025-11-19
12:15:02,C,0.29,-0.02,14000,84 ITG84,7 TD Sec,K,DOCT,20251119,2025-11-19
11:50:52,C,0.29,-0.02,189,7 TD Sec,36 Latimer,E,DOCT,20251119,2025-11-19
11:50:52,C,0.29,-0.02,1000,84 ITG84,7 TD Sec,K,DOCT,20251119,2025-11-19
11:50:52,C,0.29,-0.02,1500,7 TD Sec,7 TD Sec,K,DOCT,20251119,2025-11-19
11:50:52,C,0.295,-0.015,1000,84 ITG84,7 TD Sec,K,DOCT,20251119,2025-11-19
11:01:51,M,0.3,-0.01,33,80 National Bank,80 National Bank,E,DOCT,20251119,2025-11-19
10:27:23,C,0.295,-0.015,500,84 ITG84,7 TD Sec,K,DOCT,20251119,2025-11-19
09:45:38,M,0.29,-0.02,8,80 National Bank,80 National Bank,E,DOCT,20251119,2025-11-19
09:41:17,M,0.295,-0.015,7,80 National Bank,80 National Bank,E,DOCT,20251119,2025-11-19
09:35:51,C,0.3,-0.01,150,124 Questrade,36 Latimer,E,DOCT,20251119,2025-11-19
09:35:51,C,0.3,-0.01,1500,124 Questrade,7 TD Sec,K,DOCT,20251119,2025-11-19
09:30:00,C,0.305,-0.005,33,7 TD Sec,36 Latimer,E,DOCT,20251119,2025-11-19
09:30:00,D,0.305,0.04,48,80 National Bank,80 National Bank,E,DOCT,20251119,2025-11-19
09:30:00,C,0.305,-0.005,1000,84 ITG84,2 RBC,K,DOCT,20251119,2025-11-19
15:07:53,M,0.3,,234,1 Anonymous,14 Virtu ITG,E,DOCT,20251120,2025-11-20
15:07:53,C,0.3,,500,84 ITG84,14 Virtu ITG,K,DOCT,20251120,2025-11-20
14:42:12,C,0.3,,340,36 Latimer,57 Interactive,E,DOCT,20251120,2025-11-20
14:42:12,C,0.3,,200,36 Latimer,57 Interactive,E,DOCT,20251120,2025-11-20
14:42:12,C,0.3,,1000,84 ITG84,7 TD Sec,K,DOCT,20251120,2025-11-20
14:42:12,C,0.3,,1000,84 ITG84,57 Interactive,K,DOCT,20251120,2025-11-20
14:42:12,C,0.3,,4500,84 ITG84,79 CIBC,K,DOCT,20251120,2025-11-20
14:41:54,C,0.3,,500,124 Questrade,79 CIBC,K,DOCT,20251120,2025-11-20
14:41:54,C,0.3,,1000,84 ITG84,79 CIBC,K,DOCT,20251120,2025-11-20
12:19:27,C,0.31,0.01,2000,7 TD Sec,79 CIBC,K,DOCT,20251120,2025-11-20
12:19:27,C,0.31,0.01,1000,84 ITG84,79 CIBC,K,DOCT,20251120,2025-11-20
09:47:51,M,0.31,0.01,20,80 National Bank,80 National Bank,E,DOCT,20251120,2025-11-20
09:30:00,C,0.3,,50,36 Latimer,79 CIBC,E,DOCT,20251120,2025-11-20
09:30:00,C,0.31,0.01,1000,84 ITG84,79 CIBC,K,DOCT,20251120,2025-11-20
09:30:00,C,0.32,0.02,1000,84 ITG84,79 CIBC,K,DOCT,20251120,2025-11-20
15:58:06,M,0.31,0.01,365,7 TD Sec,1 Anonymous,E,DOCT,20251121,2025-11-21
15:54:20,O,0.325,0.025,6500,1 Anonymous,1 Anonymous,K,DOCT,20251121,2025-11-21
15:54:20,O,0.325,0.025,500,1 Anonymous,1 Anonymous,K,DOCT,20251121,2025-11-21
15:14:19,M,0.325,0.025,60,7 TD Sec,7 TD Sec,E,DOCT,20251121,2025-11-21
15:02:50,M,0.31,0.01,20,80 National Bank,80 National Bank,E,DOCT,20251121,2025-11-21
13:40:05,H,0.315,0.015,1000,7 TD Sec,2 RBC,K,DOCT,20251121,2025-11-21
13:40:05,H,0.315,0.015,500,1 Anonymous,2 RBC,K,DOCT,20251121,2025-11-21
13:40:05,C,0.3,,1000,84 ITG84,2 RBC,K,DOCT,20251121,2025-11-21
13:40:05,C,0.31,0.01,1000,7 TD Sec,2 RBC,K,DOCT,20251121,2025-11-21
13:40:05,C,0.31,0.01,1000,84 ITG84,2 RBC,K,DOCT,20251121,2025-11-21
13:40:05,C,0.315,0.015,1000,84 ITG84,2 RBC,K,DOCT,20251121,2025-11-21
13:18:44,C,0.315,0.015,100,36 Latimer,9 BMO Nesbitt,E,DOCT,20251121,2025-11-21
13:18:44,C,0.32,0.02,100,57 Interactive,9 BMO Nesbitt,E,DOCT,20251121,2025-11-21
12:36:06,M,0.325,0.025,305,80 National Bank,80 National Bank,E,DOCT,20251121,2025-11-21
11:46:16,M,0.325,0.025,61,80 National Bank,80 National Bank,E,DOCT,20251121,2025-11-21
11:45:04,C,0.32,0.02,2500,84 ITG84,2 RBC,K,DOCT,20251121,2025-11-21
11:44:57,C,0.315,0.015,5000,84 ITG84,79 CIBC,K,DOCT,20251121,2025-11-21
11:38:00,C,0.315,0.015,413,57 Interactive,36 Latimer,E,DOCT,20251121,2025-11-21
11:38:00,C,0.315,0.015,9500,57 Interactive,79 CIBC,K,DOCT,20251121,2025-11-21
11:38:00,H,0.315,0.015,500,57 Interactive,1 Anonymous,K,DOCT,20251121,2025-11-21
10:44:15,H,0.315,0.015,500,124 Questrade,1 Anonymous,K,DOCT,20251121,2025-11-21
10:01:57,D,0.31,0.05,97,80 National Bank,80 National Bank,E,DOCT,20251121,2025-11-21
09:30:00,D,0.31,0.05,3,80 National Bank,80 National Bank,E,DOCT,20251121,2025-11-21
15:59:03,H,0.33,0.03,500,80 National Bank,1 Anonymous,K,DOCT,20251124,2025-11-24
11:11:57,C,0.315,0.015,1500,84 ITG84,7 TD Sec,K,DOCT,20251124,2025-11-24
10:43:37,M,0.33,0.03,304,80 National Bank,80 National Bank,E,DOCT,20251124,2025-11-24
10:26:56,M,0.32,0.02,500,124 Questrade,1 Anonymous,,DOCT,20251124,2025-11-24
09:30:00,C,0.33,0.03,2,124 Questrade,36 Latimer,E,DOCT,20251124,2025-11-24
09:30:00,C,0.33,0.03,102,80 National Bank,36 Latimer,E,DOCT,20251124,2025-11-24
09:30:00,C,0.33,0.03,500,80 National Bank,1 Anonymous,K,DOCT,20251124,2025-11-24
15:03:15,M,0.32,0.005,61,7 TD Sec,7 TD Sec,E,DOCT,20251125,2025-11-25
13:10:25,C,0.32,0.005,500,84 ITG84,9 BMO Nesbitt,K,DOCT,20251125,2025-11-25
10:37:05,M,0.315,,30,7 TD Sec,7 TD Sec,E,DOCT,20251125,2025-11-25
10:16:43,D,0.315,0.035,30,1 Anonymous,33 Canaccord,E,DOCT,20251125,2025-11-25
09:30:00,C,0.32,0.005,26,36 Latimer,80 National Bank,E,DOCT,20251125,2025-11-25
09:30:00,D,0.33,0.035,1,7 TD Sec,1 Anonymous,E,DOCT,20251125,2025-11-25
09:30:00,C,0.32,0.005,500,84 ITG84,80 National Bank,K,DOCT,20251125,2025-11-25
